id,Keyword,Keyword_ENG
0,persoonlijkheidstests,personality tests
1,persoonlijkheidstest,personality test
2,verschillende persoonlijkheden,different personalities
3,persoonlijkheidstypen kleuren,personality types coloring
4,persoonlijkheidstest psychologie,personality test psychology
5,persoonlijkheidsvragenlijst,personality questionnaire
6,persoonlijkheidstest mbti,personality test mbti
7,persoonlijkheid kenmerken,personality traits
8,disc persoonlijkheidstest,disc personality test
9,jung persoonlijkheidstest,jung personality test
10,personaliteits test,personality test
11,persoonlijk test,personal test
12,persoonlijkheidstest jung,personality test jung
13,big five persoonlijkheidsmodel,big five personality model
14,persoonlijke testen,personal tests
15,disc persoonlijkheid,disc personality
16,online persoonlijkheidstest,online personality test
17,thomas test persoonlijkheid,thomas personality test
18,persoonlijk profiel analyse,personal profile analysis
19,disk persoonlijkheidstest,disk personality test
20,persoonlijke kwaliteiten test,personal qualities test
21,zelftest persoonlijkheid,self test personality
22,sterke punten persoonlijkheid,strengths personality
23,persoonlijkheidstesten soorten,personality tests types
24,gedragsstijlen test,behavioral style test
25,test je gedrag,test your behavior
26,abstract redeneervermogen,abstract reasoning ability
27,abstract redeneren,abstract reasoning
28,numeriek redeneren,numerical reasoning
29,inductief redeneren,inductive reasoning
30,redeneertesten,reasoning tests
31,deductief redeneren,deductive reasoning
32,test abstract redeneervermogen,test abstract reasoning ability
33,numeriek redeneervermogen,numerical reasoning ability
34,verbaal redeneervermogen,verbal reasoning ability
35,redeneren betekenis,reason meaning
36,deductief redeneren test,deductive reasoning test
37,abstract redeneren hudson,abstract reasoning hudson
38,redenering betekenis,reasoning meaning
39,test logisch redeneren,test logical reasoning
40,verbaal redeneren oefenen,practice verbal reasoning
41,test inductief redeneren,test inductive reasoning
42,abstract redeneren waarom,abstract reasoning why
43,test abstract redeneervermogen boek,test abstract reasoning book
44,abstract redeneervermogen hudson,abstract reasoning hudson
45,redeneringstesten oefenen,practice reasoning tests
46,numeriek redeneren hudson,numerical reasoning hudson
47,numerieke reeksen oefenen,practice numerical sequences
48,verbaal redeneren test,verbal reasoning test
49,wat is verbaal redeneren,what is verbal reasoning
50,verbaal abstract redeneren betekenis,verbal abstract reasoning meaning
51,logisch redeneervermogen,logical reasoning
52,logisch redeneren betekenis,logical reasoning meaning
53,inductief logisch redeneren,inductive logical reasoning
54,wat is abstract redeneren,what is abstract reasoning
55,abstract redeneervermogen domino,abstract reasoning dominoes
56,abstracte redeneertest hudson,abstract reasoning test hudson
57,numerical reasoning test nederlands,numerical reasoning test nederlands
58,verbal reasoning test nederlands,verbal reasoning test nederlands
59,numeriek redeneren betekenis,numerical reasoning meaning
60,iq test,iq test
61,emotionele intelligentie,emotional intelligence
62,test intelligence,test intelligence
63,iq test nederlands,iq test netherlands
64,emotioneel intelligent,emotionally intelligent
65,intelligentietest psycholoog,intelligence test psychologist
66,iq test training,iq test training
67,gratis online iq test,free online iq test
68,intelligentie structuur test,intelligence structure test
69,algemene intelligentie,general intelligence
70,lage emotionele intelligentie,low emotional intelligence
71,hoge emotionele intelligentie,high emotional intelligence
72,numerieke intelligentie,numerical intelligence
73,general intelligence test,general intelligence test
74,cognitieve intelligentie test,cognitive intelligence test
75,intelligentietest volwassenen,intelligence test adults
76,intelligentie test oefenen,practice intelligence test
77,intelligentieonderzoek volwassenen,intelligence research adults
78,teique test,test to you
79,eq test scores,eq test scores
80,hoe werkt een iq test,how does an iq test work
81,onderdelen iq test,parts iq test
82,online iq test nederlands,online iq test dutch
83,iq test belgië,iq test belgium
84,uitleg iq testen,explanation iq testing
85,eq test gratis,free eq test
86,eq test betekenis,eq test meaning
87,eigenschappen leiderschap,leadership qualities
88,leiderschapskwaliteiten test,leadership qualities test
89,leiderschap kenmerken,leadership characteristics
90,leiderschapsstijlen kleuren,coloring leadership styles
91,leider eigenschappen,leader traits
92,kwaliteiten van een leider,qualities of a leader
93,kenmerken leiderschap,characteristics of leadership
94,leiderschap test,leadership test
95,situationeel leiderschap test,situational leadership test
96,kleuren leiderschap test,color leadership test
97,leiderschapsstijlen test hersey en blanchard,leadership styles test hersey and blanchard
98,test leiderschapsstijl,test leadership style
99,cognitieve test,cognitive test
100,cognitieve vaardigheden,cognitive skills
101,planningsvaardigheden testen,testing planning skills
102,cognitieve vaardigheden test,cognitive skills test
103,vaardigheden test,skills test
104,cognitieve capaciteitentest,cognitive ability test
105,wat is een cognitieve test,what is a cognitive test
106,cognitieve test betekenis,cognitive test meaning
107,cognitieve vaardigheden test gratis,cognitive skills test free
108,cognitieve intelligentie test,cognitive intelligence test
109,ait betekenis,ait meaning
110,ait assessment,ait assessment
111,ait test voorbeeld,ait test example
112,teique,teik
113,teiq,teiq
114,teique assessment,teique assessment
115,disc test,disc test
116,disc profiel,disc profile
117,disc persoonlijkheidstest,disc personality test
118,disc model test,disc model test
119,disc profiel test,disc profile test
120,disc test gratis,test disc for free
121,disc persoonlijkheid,disc personality
122,disc uitleg,disc explanation
123,disc vragenlijst pdf,disc questionnaire pdf
124,disc test nederlands,disc test nederlands
125,disc test download,disc test download
126,gia test oefenen,practice gia test
127,gia test gratis,gia test free
128,gia test score,gia test score
129,consciëntieusheid,conscientiousness
130,tascnet test,tascnet test
131,psychotechnische testen oefenen,practice psychotechnical tests
132,analytische test,analytical test
133,welke kleur ben ik test,what color am i testing
134,hersey en blanchard test,hersey in blanchard test
135,loopbaanbegeleiding online test,career guidance online test
136,wat zijn mijn zwakke punten test,what are my weaknesses test
137,wat is een assessment test,what is an assessment test
138,hpti test,hpti test
139,emoties herkennen test,recognize emotions test
140,leervermogen,learning ability
141,leervermogen testen,test learning ability
142,leervermogen competentie,learning ability competence
143,interactief leervermogen,interactive learning ability
144,psychometrie,psychometrie
145,psychometric test,psychometric test
146,psychometrie betekenis,psychometric meaning
147,psychometrisch,psychometrisch
148,wat is een psychometrische test,what is a psychometric test
149,wat is psychometrie,what is psychometry
150,psychometric test characters,psychometric test characters
151,psychometrische eigenschappen betekenis,psychometric properties meaning
152,psychometric test meaning,psychometric test meaning
153,psychotechnische testen,psychotechnical testing
154,psychotechnische testen voorbeelden,psychotechnical testing examples
155,vragenlijst emoties,questionnaire emotions
156,wat zijn psychotechnische testen,what are psychotechnical tests
157,ppa test oefenen,ppa test practice
158,ppa analyse,ppa analyse
159,spa analyse,spa analyse
160,ppa test gratis,ppa test for free
161,ppa assessment test,ppa assessment test
162,ppa online,ppa online
163,profielanalyse,profile analysis
164,profiel test,profile test
165,profile dynamics vragenlijst,profile dynamics questionnaire
166,psychologische testen,psychological tests
167,psychologische testen oefenen,practice psychological tests
168,psychologische testen overzicht,psychological testing overview
169,job test,job test
170,aptitude test,aptitude test
171,sollicitatietesten,job application tests
172,aptitude betekenis,aptitude meaning
173,candidate test,candidate test
174,numerieke testen,numerical tests
175,numerieke testen sollicitatie oefenen,numerical tests application practice
176,numerieke testen hudson,numerical tests hudson
177,numerieke inzicht test ltp,numerical insight test ltp
178,numerieke testen tips,numerical testing tips
179,nauwkeurigheidstest,accuracy test
180,accuratesse betekenis,accuracy meaning
181,accuratesse test,accuracy test
182,snelheid en nauwkeurigheid test,speed and accuracy test
183,potentieel,potential
184,capaciteiten betekenis,abilities meaning
185,capaciteitentest oefenen,practice ability test
186,goede en slechte eigenschappen test,good and bad traits test
187,sterke punten test,strengths test
188,kwaliteiten test,qualities test
189,capaciteitentest technisch inzicht,capability test technical insight
190,planning ability test,planning ability test
191,vlieger capaciteitentest 1,kite aptitude test 1
192,technisch inzicht test,technical insight test
193,ruimtelijk inzicht betekenis,spatial awareness meaning
194,test ruimtelijk inzicht,test spatial awareness
195,assessment training,assessment training
196,ppa training,ppa training
197,ppa training,ppa training
198,effectief leiderschap training,effective leadership training
199,emotionele intelligentie training,emotional intelligence training
200,beste assessment training,beste assessment training
201,assessment training review,assessment training review
202,recruitment trainingen,recruitment trainings
203,trainingen verandermanagement,change management training
204,disc training kosten,disc training costs
205,training emotionele intelligentie,emotional intelligence training
206,assessment training,assessment training
207,assessment cursus,assessment cursus
208,beste assessment training,beste assessment training
209,assessment training review,assessment training review
210,zelfontwikkeling,self development
211,zelfontwikkeling boeken,books self development
212,zelfontwikkeling engels,self development english
213,zelfontwikkeling betekenis,self development meaning
214,persoonlijke zelfontwikkeling,personal self-development
215,zelfontwikkeling tips,self development tips
216,zelfontwikkeling competentie,self-development competence
217,zelfontwikkeling cursus,self-development course
218,verschil zelfontwikkeling en zelfontplooiing,difference self-development and self-development
219,leiderschapskwaliteiten ontwikkelen,develop leadership qualities
220,leiderschapskwaliteiten ontwikkelen,develop leadership qualities
221,persoonlijkheid ontwikkelen,develop personality
222,zelfbewustzijn ontwikkelen,develop self-awareness
223,competentie ontwikkelen medewerkers,developing employees' competence
224,opleiden en ontwikkelen personeel,train and develop staff
225,soft skills ontwikkelen,develop soft skills
226,emotionele intelligentie ontwikkelen,develop emotional intelligence
227,competentie ontwikkelen medewerkers,developing employees' competence
228,persoonlijke ontwikkeling medewerkers,personal development employees
229,ontwikkeling medewerkers,employee development
230,waarom ontwikkeling van medewerkers belangrijk,why employee development is important
231,persoonlijke ontwikkeling,personal development
232,persoonlijke ontwikkeling voorbeelden,personal development examples
233,ontwikkeling persoonlijkheid,personality development
234,persoonlijke ontwikkeling medewerkers,personal development employees
235,ontwikkeling medewerkers,employee development
236,ontwikkelingsmogelijkheden,development opportunities
237,persoonlijke ontwikkeling werk,personal development work
238,onderwerpen persoonlijke ontwikkeling,subjects personal development
239,wat is persoonlijke ontwikkeling,what is personal development
240,persoonlijke ontwikkeling beschrijven,describe personal development
241,waarom ontwikkeling van medewerkers belangrijk,why employee development is important
242,onboarding,onboarding
243,onboarding proces,onboarding proces
244,wat is onboarding,what is onboarding
245,onboarding definitie,onboarding definition
246,onboarding tips,onboarding tips
247,high potential,high potential
248,recruitmentproces,recruitmentproces
249,wat is een recruiter,what is a recruiter
250,recruitment oplossingen,recruitment solutions
251,wat is recruitment,what is recruitment
252,recruitment nederlands,recruitment dutch
253,high potential programma,high potential programma
254,identifying high potentials,identifying high potentials
255,kosten recruitment,costs recruitment
256,wervingsproces,recruitment process
257,recruitment strategie,recruitment strategy
258,recruitment strategien,recruitment strategies
259,medewerkers aantrekken,attract employees
260,de juiste kandidaat selecteren,select the right candidate
261,sollicitant beoordelen,assess applicant
262,sollicitatiegesprek voeren als werkgever,conducting a job interview as an employer
263,werving en selectie betekenis,recruitment and selection meaning
264,360graden,360graden
265,360 graden feedback,360 degree feedback
266,360 graden feedback,360 degree feedback
267,360 graden evaluatie,360 degree evaluation
268,360 grad feedback,360 grad feedback
269,360 graden feedback voorbeeld antwoorden,360 degree feedback example answers
270,360 graden feedback formulier werk,360 degree feedback form work
271,360 graden feedback verslag voorbeeld,360 degree feedback report example
272,wat is 360 graden feedback,what is 360 degree feedback
273,360 graden feedback vragenlijst,360 degree feedback questionnaire
274,360 graden feedback voorbeeld antwoorden,360 degree feedback example answers
275,360 graden feedback geven,Giving 360 degree feedback
276,360 graden feedback uitleg,360 degree feedback explanation
277,360 graden analyse,360 degree analysis
278,360 graden feedback gratis,360 degree feedback for free
279,360 graden feedback formulier zorg,360 degree feedback form care
280,360 graden feedback formulier,360 degree feedback form
281,feedback 360,feedback 360
282,360 graden feedback invullen,Fill in 360 degree feedback
283,360 feedback formulier,360 feedback form
284,360 graden feedback medewerkers,360 degree feedback employees
285,360 graden feedback vragenlijst gratis,360 degree feedback questionnaire for free
286,instrument 360 graden feedback,instrument 360 degree feedback
287,vragen 360 graden feedback,ask 360 degree feedback
288,doel 360 graden feedback,target 360 degree feedback
289,360 graden feedback voorbeeld vragen,360 degree feedback example questions
290,360 graden feedback voorbeeld,360 degree feedback example
291,360 graden beoordeling,360 degree review
292,360 graden feedback formulier leiderschap,360 degree leadership feedback form
293,360 graden feedback test,360 degree feedback test
294,360 beoordeling,360 rating
295,360 graden feedback systeem,360 degree feedback system
296,feedback 360 graden,feedback 360 degrees
297,functioneringsgesprek voorbereiden,prepare performance interview
298,functioneringsgesprek tips,performance appraisal tips
299,verbeterpunten functioneringsgesprek,points for improvement performance interview
300,voorbereiden op functioneringsgesprek,preparing for performance interview
301,vragen tijdens functioneringsgesprek,questions during performance interview
302,doel functioneringsgesprek,target performance review
303,voordelen functioneringsgesprek,benefits performance appraisal
304,het functioneringsgesprek,the performance review
305,onderwerpen functioneringsgesprek,topics performance review
306,persoonlijke evaluatie voorbeeld,personal evaluation example
307,positieve feedback voorbeelden,positive feedback examples
308,opbouwende feedback voorbeelden,constructive feedback examples
309,feedback formulier voorbeeld,feedback form example
310,evaluatie vragenlijst voorbeeld,evaluation questionnaire example
311,feedback samenwerken voorbeeld,feedback collaboration example
312,evaluatie vragenlijst voorbeeld,evaluation questionnaire example
313,evaluatie vragenlijst voorbeeld,evaluation questionnaire example
314,waarom feedback vragen,why ask for feedback
315,feedback vragenlijst,feedback questionnaire
316,feedback vragen model,ask for feedback model
317,feedback vragen over samenwerken,ask for feedback on collaboration
318,vragen tijdens functioneringsgesprek,questions during performance interview
319,feedback vragenlijst,feedback questionnaire
320,feedback geven,to give feedback
321,feedback geven en ontvangen,giving and receiving feedback
322,wat is feedback geven,what is giving feedback
323,leiderschapskwaliteiten,leadership qualities
324,wat zijn leiderschapskwaliteiten,what are leadership qualities
325,goede leiderschapskwaliteiten,good leadership qualities
326,welke leiderschapskwaliteiten zijn er,what leadership qualities are there
327,leiderschapsstijlen,leadership styles
328,situationeel leiderschap,situational leadership
329,4 leiderschapsstijlen,4 leadership styles
330,directief leiderschap,directive leadership
331,soorten leiderschapsstijlen covey,types of leadership styles covey
332,ondersteunend leiderschap,supportive leadership
333,leiderschapskwaliteiten,leadership qualities
334,goede leider,good leader
335,eigenschappen leider,traits leader
336,eigenschappen van een leider,qualities of a leader
337,slechte eigenschappen leider,bad qualities leader
338,wat zijn leiderschapskwaliteiten,what are leadership qualities
339,welke leiderschapskwaliteiten zijn er,what leadership qualities are there
340,goede leiderschapskwaliteiten,good leadership qualities
341,persoonlijk leiderschap,personal leadership
342,soorten leiderschap,types of leadership
343,wat is leiderschap,what is leadership
344,ontwikkeling leiderschap,leadership development
345,waarom is leiderschap belangrijk,why is leadership important
346,leiderschap ontwikkelen,developing leadership
347,wat is goed leiderschap,what is good leadership
348,leiderschap verbeteren,improve leadership
349,wat is effectief leiderschap,what is effective leadership
350,kenmerken goed leiderschap,characteristics of good leadership
351,goed leiderschap kenmerken,good leadership characteristics
352,kenmerken van leiderschap,characteristics of leadership
353,visie op leiderschap,vision on leadership
354,goede leiders voorbeelden,good leaders examples
355,hr rapporten,hr reports
356,hr rapportage voorbeeld,hr reporting example
357,hr tools,hr tools
358,talent tool,talent tool
359,hr tools voorbeelden,hr tools examples
360,wat zijn hr tools,what are hr tools
361,hr tools gratis,hr tools gratis
362,hr software,hr software
363,360 graden feedback software,360 degree feedback software
364,competentiemanagement software,competency management software
365,beste hr software,best HR software
366,rekrutering software,recruitment software
367,werken op afstand,working remotely
368,afstand werken,working remotely
369,op afstand werken,work remotely
370,managen op afstand,remote management
371,communiceren op afstand,communicate remotely
372,high performance team,high performance team
373,team charter,team charter
374,team performance,team performance
375,team motiveren,motivate team
376,waarom is communicatie belangrijk in een team,why is communication important in a team
377,teamdynamiek verbeteren,improve team dynamics
378,teamdynamiek betekenis,team dynamics meaning
379,high performing teams lencioni,high performing teams lencioni
380,kenmerken high performance team,features high performance team
381,wat is teamontwikkeling,what is team development
382,teamontwikkeling tuckman,team development tuckman
383,teamontwikkeling training,team development training
384,teamontwikkeling betekenis,team development meaning
385,teamontwikkeling definitie,team development definition
386,leiderschapsteam,unfortunately schapsteam
387,performance team,performance team
388,wat is een goed team,what is a good team
389,team beter laten functioneren,make the team function better
390,doelstellingen team,team goals
391,communicatie verbeteren in een team,improve communication in a team
392,team doelstellingen,team goals
393,kenmerken van een team,characteristics of a team
394,succesvolle teams,successful teams
395,voorbeeld succesvol team,example successful team
396,sterke teams,strong teams
397,communicatie team verbeteren,improve communication team
398,verbeteren van teams,improving teams
399,kwaliteiten team,qualities team
400,team opbouwen,building a team
401,vertrouwen herstellen in team,restore trust in team
402,teamwork verbeteren,improve teamwork
403,team ontwikkelen,developing a team
404,team functioneert niet,team is not functioning
405,de kracht van high performance teams,the power of high performance teams
406,welkom nieuwe collega,welcome new colleague
407,introductietekst nieuwe medewerker voorbeeld,introduction text new employee example
408,nieuwe medewerkers,new employees
409,verwelkoming nieuwe medewerker,welcome new employee
410,welkomstpakket nieuwe medewerker,welcome package new employee
411,onboarding nieuwe medewerkers,onboarding new employees
412,nieuwe medewerker welkom heten,welcome new employee
413,welkom nieuwe collega kaart,welcome new colleague card
414,nieuwe medewerkers welkom heten,welcoming new employees
415,introductie nieuwe medewerker,introduction new employee
416,nieuwe collega welkom heten,welcome new colleague
417,vragenlijst nieuwe medewerker,questionnaire new employee
418,nieuwe collega welkom heten tekst,welcome new colleague text
419,nieuwe collega ontvangen,receive a new colleague
420,onboarding nieuwe medewerkers,onboarding new employees
421,onboarding programma,onboarding program
422,onboarding film,onboarding film
423,onboarding op afstand,remote onboarding
424,onboarding kosten,onboarding costs
425,onboarding onderzoek,onboarding research
426,trends onboarding,trends onboarding
427,onboarding strategie,onboarding strategy
428,onboarding medewerkers,onboarding employees
429,waarom onboarding,why onboarding
430,medewerkers motiveren,motivate employees
431,motiveren van medewerkers,motivating employees
432,medewerkers motiveren,motivate employees
433,motiveren van medewerkers,motivating employees
434,betrokkenheid medewerkers,employee involvement
435,betrokkenheid medewerkers stimuleren,stimulate employee involvement
436,medewerkers betrekken bij organisatie,involving employees in the organization
437,betrokkenheid medewerkers stimuleren,stimulate employee involvement
438,faciliteren medewerkers,facilitate employees
439,medewerkersbetrokkenheid vergroten,increase employee engagement
440,medewerkersbetrokkenheidsonderzoek,employee engagement survey
441,betrokken medewerkers theorie,involved employees theory
442,motivatiefactoren medewerkers,motivation factors employees
443,betrokkenheid medewerkers theorie,employee engagement theory
444,medewerkers behouden,retain employees
445,retentie van medewerkers,employee retention
446,medewerkerstevredenheidsonderzoek vragenlijst voorbeeld,employee satisfaction survey questionnaire example
447,werknemers betrokkenheid,employee engagement
448,betrokkenheid werknemers,employee involvement
449,betrokkenheid organisatie,involvement organization
450,werknemers motiveren beloning,employees motivate reward
451,tevredenheidsonderzoek vragenlijst voorbeeld,satisfaction survey questionnaire example
452,vragenlijst motivatie medewerkers,employee motivation questionnaire
453,vragenlijst nieuwe medewerker,questionnaire new employee
454,werktevredenheid vragenlijst,job satisfaction questionnaire
455,medewerkerstevredenheidsonderzoek vragenlijst voorbeeld,employee satisfaction survey questionnaire example
456,vragenlijst motivatie medewerkers,employee motivation questionnaire
457,weerstand tegen verandering,resistance to change
458,omgaan met weerstand model,dealing with resistance model
459,weerstand verandering,resistance change
460,weerstand bij verandering model,resistance to model change
461,weerstand bij verandering kotter,resistance to change cutter
462,omgaan met weerstand model,dealing with resistance model
463,omgaan met weerstand bij verandering,dealing with resistance to change
464,weerstand bij veranderingsprocessen,resistance to change processes
465,weerstand bij verandering,resistance to change
466,definitie weerstand bij veranderingen,definition resistance to change
467,weerstand bij veranderingen,resistance to change
468,verandermanagement,change management
469,verandermanagement modellen,change management models
470,waarom verandermanagement,why change management
471,waarom verandermanagement,why change management
472,wat is verandermanagement,what is change management
473,verandermanagement betekenis,change management meaning
474,verandermanagement definitie,change management definition
475,verandermanagement modellen kotter,change management models cutter
476,wat is verandermanagement,what is change management
477,verandermanagement definitie,change management definition
478,verandermanagement communicatie,change management communication
479,theorie verandermanagement,theory change management
480,weerstand tegen verandering,resistance to change
481,weerstand verandering,resistance change
482,weerstand bij verandering model,resistance to model change
483,weerstand bij verandering kotter,resistance to change cutter
484,verandering in organisatie,change in organization
485,organisatieverandering voorbeelden,organizational change examples
486,omgaan met weerstand bij verandering,dealing with resistance to change
487,weerstand bij veranderingsprocessen,resistance to change processes
488,organisatie en verandering,organization and change
489,weerstand bij verandering,resistance to change
490,definitie weerstand bij veranderingen,definition resistance to change
491,weerstand bij veranderingen,resistance to change
492,veranderingsprocessen in organisaties,change processes in organizations
493,veranderingen in organisaties,changes in organizations
494,organisatieverandering definitie,organizational change definition
495,voordelen diversiteit,benefits diversity
496,voordelen diversiteit in de samenleving,benefits diversity in society
497,diversiteit personeelsbestand,workforce diversity
498,culturele diversiteit op het werk,cultural diversity at work
499,wat is culturele diversiteit,what is cultural diversity
500,voordelen van diversiteit,benefits of diversity
501,voordelen culturele diversiteit,benefits of cultural diversity
502,successieplanning hr,succession planning hr
503,hr blog,hr blog
504,hr whitepapers,hr whitepapers
505,hr onderzoeken,hr research
506,succession planning hr,succession planning hr
507,wat is talent,what is talent
508,talent management definitie,talent management definition
509,talent management vacature,talent management vacancy
510,talent strategie,talent strategy
511,talent management betekenis,talent management meaning
512,talentmanagement in de praktijk,talent management in practice
513,talent management strategie,talent management strategy
514,waarom talentmanagement,why talent management
515,strategisch talentmanagement,strategic talent management
516,beloningssysteem werknemers,employee reward system
517,beloning werknemers,remuneration employees
518,werknemers belonen,reward employees
519,werknemers motiveren beloning,employees motivate reward
520,hoe werknemers belonen,how to reward employees
521,medewerkers belonen,reward employees
522,personeel belonen,reward staff
523,personeelsverloop,staff turnover
524,hoog personeelsverloop,high staff turnover
525,oorzaken personeelsverloop,causes of staff turnover
526,personeelsverloop berekenen,calculate employee turnover
527,ppa betekenis,ppa meaning
528,ppa test,ppa test
529,ppa assessment,ppa assessment
530,thomas international ppa,thomas international ppa
531,ppa meaning,ppa meaning
532,ppa assessment tips,ppa assessment tips
533,ppa assessment voorbeeld,ppa assessment example
534,ppa vragenlijst,ppa questionnaire
535,ppa nederland,ppa nederland
536,ppa disc meaning,ppa disc meaning
537,ppa school,ppa school
538,wat betekent ppa,what does ppa mean
539,wat is ppa,what is ppa
540,persoonlijke profiel analyse,personal profile analysis
541,assessment oefenen,practice assessment
542,assessment tests oefenen,practice assessment tests
543,assessment oefenen gratis,assessment practice for free
544,assessments oefenen gratis,assessments practice for free
545,ltp assessment oefenen gratis,ltp assessment practice for free
546,psychometrische test oefenen,practice psychometric test
547,assessment oefenen ltp,practice assessment ltp
548,assessment oefenen boek,assessment practice book
549,gia assessment oefenen,practice gia assessment
550,ontwikkel assessment oefenen,development assessment practice
551,online assessment oefenen,practice online assessment
552,ontwikkelingsassessment oefenen,practice development assessment
553,disc kleuren,disc colors
554,disc model test,disc model test
555,disc analyse,disc analyse
556,disc test kopen,disc test kopen
557,disc vragenlijst pdf,disc questionnaire pdf
558,disc theorie,disc theorie
559,disc profiel uitleg,disc profile explanation
560,disc nederlands,disc nederlands
561,disc analyse 4 profielen,disc analysis 4 profiles
562,disc certificering,disc certificering
563,assessment center,assessment center
564,assessment center betekenis,assessment center meaning
565,assessment center hudson,assessment center hudson
566,assessment center antwerpen,assessment center antwerp
567,assessment center methode,assessment center methode
568,wat is een assessment center,what is an assessment center
569,gia antwerpen,gia antwerp
570,gia certificaat,gia certificate
571,gia assessment,gia assessment
572,gia check,gia check
573,gia rapport,already rapport
574,gia assessment tips,gia assessment tips
575,assessment voorbeeld,assessment example
576,ontwikkelassessment voorbeeld,development assessment example
577,ait assessment voorbeeld,ait assessment example
578,online assessment,online assessment
579,online assessment training,online assessment training
580,wat is een online assessment,what is an online assessment
